ID,stage,error,details
5N10_A,monomer,no reference meets coverage (80%),"[(41.99134199134199, 38.03921568627451), (46.320346320346324, 42.8), (44.15584415584416, 42.32365145228216), (38.961038961038966, 21.73913043478261)]"
5N10_B,monomer,no reference meets coverage (80%),"[(41.10169491525424, 38.03921568627451), (44.06779661016949, 41.6), (40.67796610169492, 39.83402489626556), (35.59322033898305, 20.28985507246377)]"
5N10_AB,dimer,Missing superposition,"At least one superposition is missing, A:, B:"
