ID,best_fit,coverage (%query),coverage (%reference),rmsd,identity (%),Rx,Ry,Rz,T
1A52_A,ER,92.1,91.3,0.682,96,"[0.4463, -0.61855, -0.64669]","[-0.60297, 0.32612, -0.72806]","[0.66124, 0.71487, -0.22742]","[125.28407, 39.72921, 114.61141]"
1A52_B_1_000,ER,91.7,91.3,0.656,96,"[-0.28306, -0.77138, 0.56995]","[0.48607, 0.39691, 0.77859]","[-0.82681, 0.49742, 0.2626]","[65.73441, 34.76405, 55.96487]"
1A52_A_2_100,ER,92.1,91.3,0.682,96,"[0.31253, 0.69579, -0.64669]","[0.01906, -0.68525, -0.72806]","[-0.94972, 0.21522, -0.22742]","[49.95146, 88.63462, 114.61144]"
1A52_A_3_110,ER,92.1,91.3,0.682,96,"[-0.75883, -0.07723, -0.64669]","[0.58391, 0.35913, -0.72806]","[0.28848, -0.93009, -0.22742]","[45.26448, -1.05805, 114.61139]"
1A52_B_4_001,ER,91.7,91.3,0.656,96,"[-0.28306, 0.77138, -0.56995]","[0.48607, -0.39691, -0.77859]","[-0.82681, -0.49742, -0.2626]","[65.73441, -34.76405, 112.93513]"
1A52_B_14_0-10,ER,91.7,91.3,0.656,96,"[0.80957, 0.14056, 0.56995]","[-0.58677, 0.22249, 0.77859]","[-0.01738, -0.96475, 0.2626]","[84.02625, -45.32486, 112.26486]"
1A52_A_18_0-11,ER,92.1,91.3,0.682,96,"[-0.75883, 0.07723, 0.64669]","[0.58391, -0.35913, 0.72806]","[0.28848, 0.93009, 0.22742]","[118.76444, 43.49334, 110.58866]"
1A52_B,ER,91.7,91.3,0.656,96,"[-0.28306, -0.77138, 0.56995]","[0.48607, 0.39691, 0.77859]","[-0.82681, 0.49742, 0.2626]","[65.73441, 34.76405, 55.96487]"
1A52_B_2_100,ER,91.7,91.3,0.656,96,"[0.80957, 0.14056, 0.56995]","[-0.58677, 0.2225, 0.77859]","[-0.01738, -0.96475, 0.2626]","[84.02624, 39.54564, 55.96487]"
1A52_B_3_110,ER,91.7,91.3,0.656,96,"[-0.52651, 0.63083, 0.56995]","[0.1007, -0.61941, 0.77859]","[0.84419, 0.46732, 0.2626]","[70.73938, 52.99598, 55.96484]"
