,size,cc_score,eva_score,cc_values,eva_values
0,1.3,0.8341666666666667,0.6946720607434893,"[0.35, 1.0, 0.5, 0.5, 0.3333333333333333, 0.5, 1.0, 1.0, 1.0, 1.0, 1.0, 1.0, 1.0, 1.0, 1.0, 0.5, 1.0, 1.0, 1.0, 1.0]","[0.875, 0.3333333333333333, 0.8571428571428571, 0.5, 0.5, 0.6296296296296297, 0.6666666666666666, 0.5, 0.36363636363636365, 1.0, 0.5, 1.0, 1.0, 1.0]"
